4124188,normal_bam_wgs,/gpfs/commons/groups/imielinski_lab/data/EGA/MALY-DE_EGAD00001002123/EGAD00001002123/PART_2/EGAZ00001223045_d539a134-e7b0-492d-8762-590b31960c8d_5670a409d3ae9748570f9c0992abdf3b.bam
4138527,normal_bam_wgs,/gpfs/commons/groups/imielinski_lab/data/EGA/MALY-DE_EGAD00001002123/EGAD00001002123/PART_6/EGAZ00001224755_da16d676-a9cb-4c6b-884d-9e9d4de6ac28_f159e4a7dd286b32decf528b1890a462.bam
4105746,normal_bam_wgs,/gpfs/commons/groups/imielinski_lab/data/EGA/MALY-DE_EGAD00001002123/EGAD00001002123/PART_1/EGAZ00001222947_5226fcfa-2a4e-4e2f-a6c5-6d8509a0ebd1_a690940d7d381e1eb21887bc44e303d0.bam
4128852,normal_bam_wgs,/gpfs/commons/groups/imielinski_lab/data/EGA/MALY-DE_EGAD00001002123/EGAD00001002123/PART_1/EGAZ00001222955_5d146633-4924-46e2-91f2-de8c37a49783_60e49c5addc844d9e82a75c4e6d9828d.bam
4182393,normal_bam_wgs,/gpfs/commons/groups/imielinski_lab/data/EGA/MALY-DE_EGAD00001002123/EGAD00001002123/PART_5/EGAZ00001224733_222d3c04-8409-455f-abf0-44d58c5791ea_0502371dece7f7c476c82300f0e47204.bam
4119027,normal_bam_wgs,/gpfs/commons/groups/imielinski_lab/data/EGA/MALY-DE_EGAD00001002123/EGAD00001002123/PART_3/EGAZ00001222962_6a225489-43aa-4ba7-a453-5a0f578f021d_9919a7a0ec637ce099e0a223a5ee7cdc.bam
4125240,normal_bam_wgs,/gpfs/commons/groups/imielinski_lab/data/EGA/MALY-DE_EGAD00001002123/EGAD00001002123/PART_4/EGAZ00001223048_dabb213a-16de-4b01-9b80-e8ec5ebfc558_46381bfee951c86ebb6159806bca262c.bam
4190495,normal_bam_wgs,/gpfs/commons/groups/imielinski_lab/data/EGA/MALY-DE_EGAD00001002123/EGAD00001002123/PART_4/EGAZ00001223032_c48425a6-f3e9-475d-a667-31d2c7835d5f_e7dd839a4966b69ce3fb084f35ac479c.bam
4189998,normal_bam_wgs,/gpfs/commons/groups/imielinski_lab/data/EGA/MALY-DE_EGAD00001002123/EGAD00001002123/PART_5/EGAZ00001224711_0719edca-c6ef-4576-a363-2929a8993de8_6158451aa88d1d15eb4644b2a4bc8a4a.bam
4135350,normal_bam_wgs,/gpfs/commons/groups/imielinski_lab/data/EGA/MALY-DE_EGAD00001002123/EGAD00001002123/PART_6/EGAZ00001224740_26ae9154-d47b-411c-947c-9809738b0484_80bf2667347ef94d9d5770632a5a7a6e.bam
4159170,normal_bam_wgs,/gpfs/commons/groups/imielinski_lab/data/EGA/MALY-DE_EGAD00001002123/EGAD00001002123/PART_6/EGAZ00001224716_0d5f6581-8879-47e5-8d3c-f35c81a06c31_df651378399d41e47504149f1e2e66aa.bam
4194218,normal_bam_wgs,/gpfs/commons/groups/imielinski_lab/data/EGA/MALY-DE_EGAD00001002123/EGAD00001002123/PART_2/EGAZ00001223041_d07d6a42-e21e-45f3-b8fc-9bd9fa2d5b21_314cc2aa194816e2fffe2f21b550fac6.bam
4116738,normal_bam_wgs,/gpfs/commons/groups/imielinski_lab/data/EGA/MALY-DE_EGAD00001002123/EGAD00001002123/PART_4/EGAZ00001223022_bd1a1e42-1b30-42a7-8965-c1aef3624f5b_9398fc39153df724d3c2f3dbf6cf0c9b.bam
4163639,normal_bam_wgs,/gpfs/commons/groups/imielinski_lab/data/EGA/MALY-DE_EGAD00001002123/EGAD00001002123/PART_2/EGAZ00001223027_bfe2e01b-7acb-4815-8de3-37411ce0252a_5600a6cd778d03fbc94e98d7a6b98105.bam
4105105,normal_bam_wgs,/gpfs/commons/groups/imielinski_lab/data/EGA/MALY-DE_EGAD00001002123/EGAD00001002123/PART_2/EGAZ00001223051_dd7fd464-6973-40c5-9076-dd23f300c1c6_31baacd4108eb323be097e33b65240c6.bam
4131257,normal_bam_wgs,/gpfs/commons/groups/imielinski_lab/data/EGA/MALY-DE_EGAD00001002123/EGAD00001002123/PART_2/EGAZ00001223015_b30a71ff-4527-478d-9d16-200129850021_995299f48fa861692ff4ded79aaed0c5.bam
4189200,normal_bam_wgs,/gpfs/commons/groups/imielinski_lab/data/EGA/MALY-DE_EGAD00001002123/EGAD00001002123/PART_6/EGAZ00001224738_255b6853-0dbc-4345-8da6-3a20bddbeb7a_54f1d1a591e6fa4c4ffd326fc45b293e.bam
4175837,normal_bam_wgs,/gpfs/commons/groups/imielinski_lab/data/EGA/MALY-DE_EGAD00001002123/EGAD00001002123/PART_3/EGAZ00001222984_82dcafbe-1554-432d-9ec3-4c851b93e73b_8bd2937a51763eebf2b03d912ef8e060.bam
4108101,normal_bam_wgs,/gpfs/commons/groups/imielinski_lab/data/EGA/MALY-DE_EGAD00001002123/EGAD00001002123/PART_4/EGAZ00001223026_bfbf981b-3123-406b-951b-ba798dc09bc4_0487cf95d902b33abaea8db864154c05.bam
4130003,normal_bam_wgs,/gpfs/commons/groups/imielinski_lab/data/EGA/MALY-DE_EGAD00001002123/EGAD00001002123/PART_1/EGAZ00001222957_5e5489f6-5903-4124-a659-450ab6d54f6a_193ed361fb2a050c5682719d879310bb.bam
4146289,normal_bam_wgs,/gpfs/commons/groups/imielinski_lab/data/EGA/MALY-DE_EGAD00001002123/EGAD00001002123/PART_4/EGAZ00001223018_ba0ad14c-256c-4e75-832e-5b020c3069d0_fe3a2e0db5aff772838e39c7c5b44d48.bam
4112512,normal_bam_wgs,/gpfs/commons/groups/imielinski_lab/data/EGA/MALY-DE_EGAD00001002123/EGAD00001002123/PART_4/EGAZ00001223014_b1fbebfd-b185-410e-85ed-6f697c9a3816_1ea219ad4dd97ba1ad6cd835a9c08fb3.bam
4158726,normal_bam_wgs,/gpfs/commons/groups/imielinski_lab/data/EGA/MALY-DE_EGAD00001002123/EGAD00001002123/PART_3/EGAZ00001222948_52b8b558-8f95-4c61-9810-9fce453b9346_c76bed374df7a180d274668f09a962d6.bam
4193278,normal_bam_wgs,/gpfs/commons/groups/imielinski_lab/data/EGA/MALY-DE_EGAD00001002123/EGAD00001002123/PART_4/EGAZ00001223046_d5a0e7ef-2470-4440-befe-a3443879caf4_05c7d35514aa71f370bf62017656d065.bam
4121361,normal_bam_wgs,/gpfs/commons/groups/imielinski_lab/data/EGA/MALY-DE_EGAD00001002123/EGAD00001002123/PART_1/EGAZ00001222973_7930f000-afc2-4ceb-982a-70fdeb645a75_5c37b247800e8dbe647c606838531219.bam
4134005,normal_bam_wgs,/gpfs/commons/groups/imielinski_lab/data/EGA/MALY-DE_EGAD00001002123/EGAD00001002123/PART_6/EGAZ00001224704_00db1b54-03ff-4481-a4e5-916c074c609c_f2634db399a820eded27f216914b383f.bam
4188900,normal_bam_wgs,/gpfs/commons/groups/imielinski_lab/data/EGA/MALY-DE_EGAD00001002123/EGAD00001002123/PART_1/EGAZ00001222971_752bf162-c350-4935-978b-958c6f10ca78_317e34fb58c65dbc270bce82ec0ec39e.bam
4104893,normal_bam_wgs,/gpfs/commons/groups/imielinski_lab/data/EGA/MALY-DE_EGAD00001002123/EGAD00001002123/PART_3/EGAZ00001222934_44e0fa72-706d-4cd7-ab32-4e0f2e5a2bc7_54fca6e44d834ee85f7da3c4b0cc6d06.bam
4177376,normal_bam_wgs,/gpfs/commons/groups/imielinski_lab/data/EGA/MALY-DE_EGAD00001002123/EGAD00001002123/PART_2/EGAZ00001223007_a78c4e4d-0a20-432e-acc0-8c64a1907c49_984e5e0c49df4ab7551357e754e08073.bam
4135099,normal_bam_wgs,/gpfs/commons/groups/imielinski_lab/data/EGA/MALY-DE_EGAD00001002123/EGAD00001002123/PART_3/EGAZ00001222936_494d3a0f-a97d-46d0-9011-0f99dad4d230_0b6b8443be64aba84fbd66829abc593e.bam
4101316,normal_bam_wgs,/gpfs/commons/groups/imielinski_lab/data/EGA/MALY-DE_EGAD00001002123/EGAD00001002123/PART_5/EGAZ00001224735_22f227ef-666b-4808-8298-8218be9fc07c_5c358c41b09a33747bbc309cfcf970c3.bam
4177434,normal_bam_wgs,/gpfs/commons/groups/imielinski_lab/data/EGA/MALY-DE_EGAD00001002123/EGAD00001002123/PART_4/EGAZ00001223020_bc4202e0-4126-425a-99c8-468e7535be4a_5f9dd1d8c4cd136605b44b4dda26e577.bam
4177987,normal_bam_wgs,/gpfs/commons/groups/imielinski_lab/data/EGA/MALY-DE_EGAD00001002123/EGAD00001002123/PART_4/EGAZ00001223004_a3699018-5cd0-411b-a00d-1dd5d0804e1f_af35cc4d0888b13574134515cdbceb3d.bam
4133511,normal_bam_wgs,/gpfs/commons/groups/imielinski_lab/data/EGA/MALY-DE_EGAD00001002123/EGAD00001002123/PART_4/EGAZ00001223034_c6d3296f-9e18-44ac-9d6e-ac3d8baec68b_215a767a97de774749118bed80417a78.bam
4177856,normal_bam_wgs,/gpfs/commons/groups/imielinski_lab/data/EGA/MALY-DE_EGAD00001002123/EGAD00001002123/PART_2/EGAZ00001223021_bca33697-19ec-4530-9032-d7220597e2ad_8a3c74beae48b1cc5009ad01d36a31b4.bam
4142267,normal_bam_wgs,/gpfs/commons/groups/imielinski_lab/data/EGA/MALY-DE_EGAD00001002123/EGAD00001002123/PART_5/EGAZ00001224723_14d26c20-0cdf-4147-86af-87650c043b0f_75ddc300c886e4a428b149eb81fdbf7c.bam
4194891,normal_bam_wgs,/gpfs/commons/groups/imielinski_lab/data/EGA/MALY-DE_EGAD00001002123/EGAD00001002123/PART_6/EGAZ00001224708_04ffaa46-7542-4745-bb71-db175d2a6f0f_053774f2c266ca0ceb8d1710e069cf39.bam
4107137,normal_bam_wgs,/gpfs/commons/groups/imielinski_lab/data/EGA/MALY-DE_EGAD00001002123/EGAD00001002123/PART_6/EGAZ00001224728_1a5aa7b2-d5a7-456e-a218-cf26e88112e2_37a02d08c31d8ba9f9433c90aec62c13.bam
4127766,normal_bam_wgs,/gpfs/commons/groups/imielinski_lab/data/EGA/MALY-DE_EGAD00001002123/EGAD00001002123/PART_2/EGAZ00001223053_de837d93-905b-48f9-997b-b573aab9d724_a1294061891fde40965cbd7468014d39.bam
4102009,normal_bam_wgs,/gpfs/commons/groups/imielinski_lab/data/EGA/MALY-DE_EGAD00001002123/EGAD00001002123/PART_2/EGAZ00001223019_ba2fd6c0-30ed-49ed-aa19-10b374ff8b97_19dd54e26ed5a4c0e9902ab4b0bff7c4.bam
4160468,normal_bam_wgs,/gpfs/commons/groups/imielinski_lab/data/EGA/MALY-DE_EGAD00001002123/EGAD00001002123/PART_3/EGAZ00001222982_815563a7-830f-41e6-8e63-d5ce028fa7e7_008ca9e31add6629e40396fdf930a2b7.bam
4170686,normal_bam_wgs,/gpfs/commons/groups/imielinski_lab/data/EGA/MALY-DE_EGAD00001002123/EGAD00001002123/PART_3/EGAZ00001223075_f451a928-997f-482e-9b94-2f4e8c1aae32_1b4e8a8879ebf6be023c3b914c8b9cb9.bam
4172511,normal_bam_wgs,/gpfs/commons/groups/imielinski_lab/data/EGA/MALY-DE_EGAD00001002123/EGAD00001002123/PART_3/EGAZ00001222966_70d72b34-fdf3-432f-8ad9-687a26a95b5e_bc945afaee9a111e012c8ef40e6cafc1.bam
4174905,normal_bam_wgs,/gpfs/commons/groups/imielinski_lab/data/EGA/MALY-DE_EGAD00001002123/EGAD00001002123/PART_5/EGAZ00001224709_05554a25-4389-4a37-9be4-3d6a44c30b52_3e4760932e0bf84385c6ad72794db762.bam
4177601,normal_bam_wgs,/gpfs/commons/groups/imielinski_lab/data/EGA/MALY-DE_EGAD00001002123/EGAD00001002123/PART_3/EGAZ00001222974_7aee99b6-59ce-4d18-97f9-596d92759054_438f6fd8332a53ba05e3471dbdded979.bam
4191799,normal_bam_wgs,/gpfs/commons/groups/imielinski_lab/data/EGA/MALY-DE_EGAD00001002123/EGAD00001002123/PART_5/EGAZ00001224737_24cf96bc-830e-4c29-92fd-20e972e4ed7a_8671922c0d463fff5aa934eb2068a0b6.bam
4139696,normal_bam_wgs,/gpfs/commons/groups/imielinski_lab/data/EGA/MALY-DE_EGAD00001002123/EGAD00001002123/PART_2/EGAZ00001223033_c534916f-017e-4095-bb0a-22d242ff7b46_dde03649b156209107e711b3fa634e1f.bam
4120193,normal_bam_wgs,/gpfs/commons/groups/imielinski_lab/data/EGA/MALY-DE_EGAD00001002123/EGAD00001002123/PART_3/EGAZ00001223077_fd551fe9-9f1d-4d1a-8019-408fa8f6d295_ee55e038382eb334f751e12ac81acfe0.bam
4166706,normal_bam_wgs,/gpfs/commons/groups/imielinski_lab/data/EGA/MALY-DE_EGAD00001002123/EGAD00001002123/PART_2/EGAZ00001223063_e7a055f4-22ee-4abd-bce8-b8fed87bc310_ee0f2f57e04c042721bf80775e0fc651.bam
4176133,normal_bam_wgs,/gpfs/commons/groups/imielinski_lab/data/EGA/MALY-DE_EGAD00001002123/EGAD00001002123/PART_4/EGAZ00001222992_91e32dc3-8b02-4503-9153-59831fa70647_d208eb198d5961b17d09e831fafebbea.bam
4184094,normal_bam_wgs,/gpfs/commons/groups/imielinski_lab/data/EGA/MALY-DE_EGAD00001002123/EGAD00001002123/PART_2/EGAZ00001223043_d3730cf4-b79b-4715-9f18-fe65474ed101_0f4e7473cfaef826c9ad44b9a91eeaed.bam
4177810,normal_bam_wgs,/gpfs/commons/groups/imielinski_lab/data/EGA/MALY-DE_EGAD00001002123/EGAD00001002123/PART_5/EGAZ00001223062_e682dcdc-f941-49bb-b7bc-cc9f8f3aa73b_883e38d5f0b30c9cb0acfdcec6984e63.bam
4112447,normal_bam_wgs,/gpfs/commons/groups/imielinski_lab/data/EGA/MALY-DE_EGAD00001002123/EGAD00001002123/PART_6/EGAZ00001224748_3940ade9-7b85-4b66-9636-8526140ee14d_1cba1e1dc4724e36cf41a33f1b4ea248.bam
4159421,normal_bam_wgs,/gpfs/commons/groups/imielinski_lab/data/EGA/MALY-DE_EGAD00001002123/EGAD00001002123/PART_2/EGAZ00001223047_d6643226-23d1-419a-bf08-73251c7b098a_f5d1de2fcdd660b9b1af0f48529a372e.bam
4198542,normal_bam_wgs,/gpfs/commons/groups/imielinski_lab/data/EGA/MALY-DE_EGAD00001002123/EGAD00001002123/PART_4/EGAZ00001222998_9df29fd7-328c-4820-8922-27ec50c685bb_f95245d81f2ea43e49cce5fc53b22add.bam
4134434,normal_bam_wgs,/gpfs/commons/groups/imielinski_lab/data/EGA/MALY-DE_EGAD00001002123/EGAD00001002123/PART_5/EGAZ00001223070_ee487e6f-82b7-44f6-99a6-7405f324dbfc_82b78ef0c61e20b7220537d94ab83f2e.bam
4160100,normal_bam_wgs,/gpfs/commons/groups/imielinski_lab/data/EGA/MALY-DE_EGAD00001002123/EGAD00001002123/PART_2/EGAZ00001223013_afc2a7f5-4e4f-443d-8d8c-e74525023314_606e7c6b1d685f422a09be92603962a1.bam
4136702,normal_bam_wgs,/gpfs/commons/groups/imielinski_lab/data/EGA/MALY-DE_EGAD00001002123/EGAD00001002123/PART_4/EGAZ00001223044_d48c92a5-30b7-47df-beb5-a05b351ba516_96398b1a1201b715de5364c55f7b7890.bam
4110378,normal_bam_wgs,/gpfs/commons/groups/imielinski_lab/data/EGA/MALY-DE_EGAD00001002123/EGAD00001002123/PART_1/EGAZ00001222967_7124dd23-4560-43f9-9db4-bed84065370b_7b87035eb0d13c5d86b70d2710f39c01.bam
4115001,normal_bam_wgs,/gpfs/commons/groups/imielinski_lab/data/EGA/MALY-DE_EGAD00001002123/EGAD00001002123/PART_3/EGAZ00001222956_5d1d4adf-0628-4e7b-91cd-0df325199fde_698c77e613fc9615dd8b44625364a18a.bam
4145177,normal_bam_wgs,/gpfs/commons/groups/imielinski_lab/data/EGA/MALY-DE_EGAD00001002123/EGAD00001002123/PART_3/EGAZ00001222944_4dfcd26f-6bf4-4f96-b040-35e59da99fc4_91a36cc7b00f874cb65b02e77f685b4f.bam
4149246,normal_bam_wgs,/gpfs/commons/groups/imielinski_lab/data/EGA/MALY-DE_EGAD00001002123/EGAD00001002123/PART_5/EGAZ00001224703_00cb2fee-6c3d-4195-aca6-ab7dc056bdd3_21981d408e667730683a62016c9b1ff7.bam
4157186,normal_bam_wgs,/gpfs/commons/groups/imielinski_lab/data/EGA/MALY-DE_EGAD00001002123/EGAD00001002123/PART_4/EGAZ00001223016_b71efd88-a70a-4d3d-94ee-43aced515a0c_ce4ba903afe13a3c62e30d66d49166a1.bam
4188879,normal_bam_wgs,/gpfs/commons/groups/imielinski_lab/data/EGA/MALY-DE_EGAD00001002123/EGAD00001002123/PART_2/EGAZ00001223035_c6f72355-3cd0-4f43-b491-fa9b8e1fbe35_1be4d7e48d3d54aaabd95b742cfde51f.bam
4119279,normal_bam_wgs,/gpfs/commons/groups/imielinski_lab/data/EGA/MALY-DE_EGAD00001002123/EGAD00001002123/PART_4/EGAZ00001223010_a9cbba77-980b-4a55-9d34-dcd537306d58_7d2f6e27f3fc9c58ae1946e99678ca1d.bam
4120403,normal_bam_wgs,/gpfs/commons/groups/imielinski_lab/data/EGA/MALY-DE_EGAD00001002123/EGAD00001002123/PART_3/EGAZ00001223073_f32efcc3-4973-43a8-8fd5-8e79c39324d0_7897dc7cb588b22c07eee9a812a615f3.bam
4133263,normal_bam_wgs,/gpfs/commons/groups/imielinski_lab/data/EGA/MALY-DE_EGAD00001002123/EGAD00001002123/PART_1/EGAZ00001222949_53461585-a4ec-4e59-bdc3-a54c430814f4_4b322b9d10ef1a3d0f33e8e57128b21d.bam
4166503,normal_bam_wgs,/gpfs/commons/groups/imielinski_lab/data/EGA/MALY-DE_EGAD00001002123/EGAD00001002123/PART_6/EGAZ00001224718_121050fa-f88b-43cf-91a5-6d0e02189dd6_fc10d3fb226753ce5eeb7b7d1eb701c0.bam
4142605,normal_bam_wgs,/gpfs/commons/groups/imielinski_lab/data/EGA/MALY-DE_EGAD00001002123/EGAD00001002123/PART_1/EGAZ00001222935_45d31a77-92b4-44bd-a949-623d93cad9e4_ba378e26fc005d503a92a1995ba56f8c.bam
4178655,normal_bam_wgs,/gpfs/commons/groups/imielinski_lab/data/EGA/MALY-DE_EGAD00001002123/EGAD00001002123/PART_6/EGAZ00001224749_396c068c-8ea8-4883-9e50-a1798671de84_98dda205d8ad2181cc596a13aeadde67.bam
4189035,normal_bam_wgs,/gpfs/commons/groups/imielinski_lab/data/EGA/MALY-DE_EGAD00001002123/EGAD00001002123/PART_6/EGAZ00001224726_17eac2af-23a5-4c71-b423-0518182d69f9_4439ae726dcade0760074a74b6dfd3c2.bam
4150895,normal_bam_wgs,/gpfs/commons/groups/imielinski_lab/data/EGA/MALY-DE_EGAD00001002123/EGAD00001002123/PART_7/EGAZ00001224754_3ff9cb54-b186-45d8-94e7-a54ea1329acb_058e4d60ea6ae3a70d4d4a5d5da1a48a.bam
4199996,normal_bam_wgs,/gpfs/commons/groups/imielinski_lab/data/EGA/MALY-DE_EGAD00001002123/EGAD00001002123/PART_2/EGAZ00001223017_b9223ee0-2145-4679-b64a-79f30032fabe_d2d7a22d062d4db2d11756dd1c984dfa.bam
4190784,normal_bam_wgs,/gpfs/commons/groups/imielinski_lab/data/EGA/MALY-DE_EGAD00001002123/EGAD00001002123/PART_3/EGAZ00001223067_eb58d2f9-ceb4-45a7-8e34-d909c8f5fe25_99ced2ed4b0a1cc63214e3fabfa97486.bam
4145056,normal_bam_wgs,/gpfs/commons/groups/imielinski_lab/data/EGA/MALY-DE_EGAD00001002123/EGAD00001002123/PART_3/EGAZ00001222946_51ec85db-cd87-494b-8b3f-624e68d0a7a9_6787ed8caaa584639ae36aeb5db49829.bam
4188398,normal_bam_wgs,/gpfs/commons/groups/imielinski_lab/data/EGA/MALY-DE_EGAD00001002123/EGAD00001002123/PART_3/EGAZ00001223071_f0783a65-77de-4283-a051-25cb9963926d_9bfe18ebf9a61089e4f968f4709679e9.bam
4166151,normal_bam_wgs,/gpfs/commons/groups/imielinski_lab/data/EGA/MALY-DE_EGAD00001002123/EGAD00001002123/PART_2/EGAZ00001223029_c121e03d-a0c6-4a8b-abae-31cd6294c299_85d2d407c44297567117005519d27458.bam
4193638,normal_bam_wgs,/gpfs/commons/groups/imielinski_lab/data/EGA/MALY-DE_EGAD00001002123/EGAD00001002123/PART_3/EGAZ00001222978_7c1620ec-c8cb-43dc-bc28-c01950aff7f7_f5589fb118e9a877c431118fb46916e3.bam
4196670,normal_bam_wgs,/gpfs/commons/groups/imielinski_lab/data/EGA/MALY-DE_EGAD00001002123/EGAD00001002123/PART_3/EGAZ00001223069_ec1852dc-0a21-42a4-b1fd-11343b17c59f_c4236136a1b894c2e5b5d10b8a4ed533.bam
4199714,normal_bam_wgs,/gpfs/commons/groups/imielinski_lab/data/EGA/MALY-DE_EGAD00001002123/EGAD00001002123/PART_6/EGAZ00001224747_39330084-e9bd-41c3-869a-9c868efe8e67_ae6d522aa23bb0afab2b0f2c19b481e5.bam
4181460,normal_bam_wgs,/gpfs/commons/groups/imielinski_lab/data/EGA/MALY-DE_EGAD00001002123/EGAD00001002123/PART_3/EGAZ00001222980_802a9bc5-9c27-47e7-83a2-4ae238457685_c03bfd16ee97e36c1e6088f81f7d7d54.bam
4138885,normal_bam_wgs,/gpfs/commons/groups/imielinski_lab/data/EGA/MALY-DE_EGAD00001002123/EGAD00001002123/PART_2/EGAZ00001223001_a08c97c7-1c3e-4444-9cc8-c3e8ef7fa579_204b2106abad2e538cc86072278fd471.bam
4147081,normal_bam_wgs,/gpfs/commons/groups/imielinski_lab/data/EGA/MALY-DE_EGAD00001002123/EGAD00001002123/PART_5/EGAZ00001224707_0358d331-15ed-4432-9244-53bc409b7a57_b82bd73165680c4047bdda2bd8b526c8.bam
4161781,normal_bam_wgs,/gpfs/commons/groups/imielinski_lab/data/EGA/MALY-DE_EGAD00001002123/EGAD00001002123/PART_4/EGAZ00001222994_98a1bbee-baad-4d66-abab-3b29f34b6d31_10795df897b4235a055ee6e000dbbd16.bam
4165379,normal_bam_wgs,/gpfs/commons/groups/imielinski_lab/data/EGA/MALY-DE_EGAD00001002123/EGAD00001002123/PART_4/EGAZ00001223002_a275a2fa-8114-4a39-9329-2b7dbd7ca27b_17c0a2e5afe73b21e559a6b1177e0d17.bam
4128477,normal_bam_wgs,/gpfs/commons/groups/imielinski_lab/data/EGA/MALY-DE_EGAD00001002123/EGAD00001002123/PART_3/EGAZ00001222972_7721c496-ba90-47c9-a099-ac160ae65afe_2e7684dd22f0f064fd1733ac9ed9e479.bam
4131095,normal_bam_wgs,/gpfs/commons/groups/imielinski_lab/data/EGA/MALY-DE_EGAD00001002123/EGAD00001002123/PART_5/EGAZ00001223054_e1066f8f-2828-45ed-95d0-673abb66f980_fb3abbc73b11b0b9f9d6f8760d53160a.bam
4144633,normal_bam_wgs,/gpfs/commons/groups/imielinski_lab/data/EGA/MALY-DE_EGAD00001002123/EGAD00001002123/PART_3/EGAZ00001222970_740a73df-0d15-473e-bc2f-62f80ca1aa75_9d86eb66fdf846db0c9c63d9c1d5f282.bam
4120157,normal_bam_wgs,/gpfs/commons/groups/imielinski_lab/data/EGA/MALY-DE_EGAD00001002123/EGAD00001002123/PART_4/EGAZ00001223042_d1cc1556-5e21-4b27-9af3-833b0fcde1c3_6c070cb77bda8ddd804fbc0aec937dcb.bam
4144951,normal_bam_wgs,/gpfs/commons/groups/imielinski_lab/data/EGA/MALY-DE_EGAD00001002123/EGAD00001002123/PART_5/EGAZ00001223064_e7b10a93-19a4-45fe-be9f-bb8801246706_11f379881fa6b138b5a7514a5310d6f8.bam
4145528,normal_bam_wgs,/gpfs/commons/groups/imielinski_lab/data/EGA/MALY-DE_EGAD00001002123/EGAD00001002123/PART_6/EGAZ00001224714_0aec1ca4-6958-45ab-bd84-3c5a531ee93e_b1083c918fedfe88eacc2bad2e8161a3.bam
4147968,normal_bam_wgs,/gpfs/commons/groups/imielinski_lab/data/EGA/MALY-DE_EGAD00001002123/EGAD00001002123/PART_4/EGAZ00001223038_cc5bdc0a-bb2e-4a7b-a24c-c9856ba93ac9_2ff4f715d49e5423ac56ccb0f9f45633.bam
4103141,normal_bam_wgs,/gpfs/commons/groups/imielinski_lab/data/EGA/MALY-DE_EGAD00001002123/EGAD00001002123/PART_5/EGAZ00001223074_f3a47681-397d-42f3-9a97-a98f0f03eb8d_c9618c7452e3e247f5357d6832a14dac.bam
4108992,normal_bam_wgs,/gpfs/commons/groups/imielinski_lab/data/EGA/MALY-DE_EGAD00001002123/EGAD00001002123/PART_1/EGAZ00001222937_49ce7d7c-eabf-4e41-9aab-71804bde0e68_188c53f58ea57a1c62e42c47be476800.bam
4111326,normal_bam_wgs,/gpfs/commons/groups/imielinski_lab/data/EGA/MALY-DE_EGAD00001002123/EGAD00001002123/PART_5/EGAZ00001224739_269f1d76-a6c4-472a-bd06-e70207a2f191_900c312f54ae156a48c6f10da512a20a.bam
4178345,normal_bam_wgs,/gpfs/commons/groups/imielinski_lab/data/EGA/MALY-DE_EGAD00001002123/EGAD00001002123/PART_1/EGAZ00001222941_4d16c872-599b-415d-bd5d-8b404367da0a_0ae7641c4a67e7da56374ff358b44ba0.bam
4111337,normal_bam_wgs,/gpfs/commons/groups/imielinski_lab/data/EGA/MALY-DE_EGAD00001002123/EGAD00001002123/PART_4/EGAZ00001222990_8e882141-6bbf-4686-afee-86d6c8f96079_bc3ffbee95f60f5f3b43d252c6c923b1.bam
4113191,normal_bam_wgs,/gpfs/commons/groups/imielinski_lab/data/EGA/MALY-DE_EGAD00001002123/EGAD00001002123/PART_2/EGAZ00001223009_a994db47-2e11-485d-ba04-ef1878524e2c_e9d51abc5d19982efa35a7335fcd3632.bam
4124542,normal_bam_wgs,/gpfs/commons/groups/imielinski_lab/data/EGA/MALY-DE_EGAD00001002123/EGAD00001002123/PART_5/EGAZ00001223068_eb9d511e-e860-4d11-89e7-f1501f3b4208_0c741d85bb4f84d354f712d66425e6e0.bam
4113825,normal_bam_wgs,/gpfs/commons/groups/imielinski_lab/data/EGA/MALY-DE_EGAD00001002123/EGAD00001002123/PART_3/EGAZ00001222960_66e6e5ae-0a57-4758-80cb-856a276a2ee1_3efcc8dd8bf0da5f08d8f6a590e958de.bam
4178310,normal_bam_wgs,/gpfs/commons/groups/imielinski_lab/data/EGA/MALY-DE_EGAD00001002123/EGAD00001002123/PART_3/EGAZ00001222958_61e440e2-2064-42a9-b6c9-d55f5e9ad424_3d8c8636409d64cb35ce0ad36e75fc40.bam
4124188,tumor_bam_wgs,/gpfs/commons/groups/imielinski_lab/data/EGA/MALY-DE_EGAD00001002123/EGAD00001002123/PART_4/EGAZ00001223036_c73fa481-b6ae-4833-a781-199251d7f705_25419566cd72cbf8c758801d708bc715.bam
4138527,tumor_bam_wgs,/gpfs/commons/groups/imielinski_lab/data/EGA/MALY-DE_EGAD00001002123/EGAD00001002123/PART_6/EGAZ00001224752_3c1ddaea-cbb1-43f5-a0bd-4715d1b1c22d_c362a63c47e69774f4b3e25e90af8b80.bam
4105746,tumor_bam_wgs,/gpfs/commons/groups/imielinski_lab/data/EGA/MALY-DE_EGAD00001002123/EGAD00001002123/PART_5/EGAZ00001223060_e56b275f-bd7a-4bc3-a101-ec476b017de3_41b049d90d766b4e4a7910bfc67515ab.bam
4128852,tumor_bam_wgs,/gpfs/commons/groups/imielinski_lab/data/EGA/MALY-DE_EGAD00001002123/EGAD00001002123/PART_6/EGAZ00001224750_397918ad-f946-4881-9744-b7be94d68246_ca49baf0714b620b88b662d078311335.bam
4182393,tumor_bam_wgs,/gpfs/commons/groups/imielinski_lab/data/EGA/MALY-DE_EGAD00001002123/EGAD00001002123/PART_5/EGAZ00001223058_e417e1cd-a86b-40d6-8ca6-f61f9c4a0592_be5ae37f0556b20c666ffe068d488798.bam
4119027,tumor_bam_wgs,/gpfs/commons/groups/imielinski_lab/data/EGA/MALY-DE_EGAD00001002123/EGAD00001002123/PART_1/EGAZ00001222991_8f1a15de-36d4-480b-bb1d-dd6dd4b92561_2770d1532b7d04b125af9bc8b64b90ff.bam
4125240,tumor_bam_wgs,/gpfs/commons/groups/imielinski_lab/data/EGA/MALY-DE_EGAD00001002123/EGAD00001002123/PART_4/EGAZ00001222996_9a87bd87-c5cc-4dc8-9e60-c0c11de3d4a7_96460558e18251450ded5dcdb25efe7b.bam
4190495,tumor_bam_wgs,/gpfs/commons/groups/imielinski_lab/data/EGA/MALY-DE_EGAD00001002123/EGAD00001002123/PART_2/EGAZ00001223059_e54be40d-f07a-480e-a948-5951aa3137a6_4a944e431c5f39d85164c63eb19dd0c2.bam
4189998,tumor_bam_wgs,/gpfs/commons/groups/imielinski_lab/data/EGA/MALY-DE_EGAD00001002123/EGAD00001002123/PART_1/EGAZ00001222989_8b77e02e-c6e4-44f3-83b2-8f51627045f3_bead50a2add5ebada1ab78788d9b1523.bam
4135350,tumor_bam_wgs,/gpfs/commons/groups/imielinski_lab/data/EGA/MALY-DE_EGAD00001002123/EGAD00001002123/PART_1/EGAZ00001222951_54d6038e-6937-46a2-a5ea-6d77c7afa5b1_83c841c68bacd0172818d344f35112d1.bam
4159170,tumor_bam_wgs,/gpfs/commons/groups/imielinski_lab/data/EGA/MALY-DE_EGAD00001002123/EGAD00001002123/PART_6/EGAZ00001224706_0320ee4d-0e6d-42a1-a52b-c1464fa2c786_36f00b10b50ea1576610747c0cd2d542.bam
4194218,tumor_bam_wgs,/gpfs/commons/groups/imielinski_lab/data/EGA/MALY-DE_EGAD00001002123/EGAD00001002123/PART_5/EGAZ00001224729_1b675493-8b0c-4c53-9909-ca07d271eb2c_72638a59b08172c749813ec8ca0dfafc.bam
4116738,tumor_bam_wgs,/gpfs/commons/groups/imielinski_lab/data/EGA/MALY-DE_EGAD00001002123/EGAD00001002123/PART_6/EGAZ00001224745_309ba9e7-8a3b-4f54-b99d-ffdd95d3c9ea_a11f17af193bbcd78f3448df648fe245.bam
4163639,tumor_bam_wgs,/gpfs/commons/groups/imielinski_lab/data/EGA/MALY-DE_EGAD00001002123/EGAD00001002123/PART_1/EGAZ00001222933_426e83ae-798b-4f2b-86f8-768dc07c3d05_489afdb85a3a449d75c8c036fd26ca78.bam
4105105,tumor_bam_wgs,/gpfs/commons/groups/imielinski_lab/data/EGA/MALY-DE_EGAD00001002123/EGAD00001002123/PART_6/EGAZ00001224751_39defc1f-3d06-4241-8e90-a9d8bc2bde69_268434f9539a10bce5651bb8588356a8.bam
4131257,tumor_bam_wgs,/gpfs/commons/groups/imielinski_lab/data/EGA/MALY-DE_EGAD00001002123/EGAD00001002123/PART_5/EGAZ00001224705_030caba2-898f-4aef-bf67-00197dcb3a36_e1f2890d0826d129d10732902c7d7354.bam
4189200,tumor_bam_wgs,/gpfs/commons/groups/imielinski_lab/data/EGA/MALY-DE_EGAD00001002123/EGAD00001002123/PART_1/EGAZ00001222979_800baa73-1987-4fb3-b29b-809c12b4c4e9_4e992deda9f713ed5a2c620b559c61b8.bam
4175837,tumor_bam_wgs,/gpfs/commons/groups/imielinski_lab/data/EGA/MALY-DE_EGAD00001002123/EGAD00001002123/PART_5/EGAZ00001224713_09bc5522-846c-4ad8-8670-2c0daeb78545_a846dcc3dde2b9090515c386dc4a477a.bam
4108101,tumor_bam_wgs,/gpfs/commons/groups/imielinski_lab/data/EGA/MALY-DE_EGAD00001002123/EGAD00001002123/PART_2/EGAZ00001223011_acea5c4e-6194-42dd-bcce-d55498751644_144ed8474fd52313fb73b40b61f3452d.bam
4130003,tumor_bam_wgs,/gpfs/commons/groups/imielinski_lab/data/EGA/MALY-DE_EGAD00001002123/EGAD00001002123/PART_1/EGAZ00001222965_6ce12939-f29d-4df9-9ba8-958b0dd43204_6db9eb9138d88ce7c7e9dac51a440ae0.bam
4146289,tumor_bam_wgs,/gpfs/commons/groups/imielinski_lab/data/EGA/MALY-DE_EGAD00001002123/EGAD00001002123/PART_1/EGAZ00001222981_812c47ab-bc48-438b-a8d4-b1fba54cc539_bc2a0d7a36e0dff49e7ea95c34889e3c.bam
4112512,tumor_bam_wgs,/gpfs/commons/groups/imielinski_lab/data/EGA/MALY-DE_EGAD00001002123/EGAD00001002123/PART_4/EGAZ00001223052_dd98d509-3a43-4f64-be8e-a774523041c9_de4ae3aafa611d067df91b07bdd432a6.bam
4193278,tumor_bam_wgs,/gpfs/commons/groups/imielinski_lab/data/EGA/MALY-DE_EGAD00001002123/EGAD00001002123/PART_3/EGAZ00001222938_4ab57029-e1aa-4506-8b57-44016c23ee01_d520c29be6ddee9016d91ab87c5561b8.bam
4121361,tumor_bam_wgs,/gpfs/commons/groups/imielinski_lab/data/EGA/MALY-DE_EGAD00001002123/EGAD00001002123/PART_6/EGAZ00001224712_07cd4678-ac4f-459a-b223-706b2278a3a1_adba1977900dcb084815173924ed762a.bam
4134005,tumor_bam_wgs,/gpfs/commons/groups/imielinski_lab/data/EGA/MALY-DE_EGAD00001002123/EGAD00001002123/PART_3/EGAZ00001222950_54c557b4-e1be-4bb9-80a4-d233e51a3e9d_c36a3588f3a0c83cb8ded5107e9b9b90.bam
4188900,tumor_bam_wgs,/gpfs/commons/groups/imielinski_lab/data/EGA/MALY-DE_EGAD00001002123/EGAD00001002123/PART_6/EGAZ00001224742_2d612593-5269-46eb-84e9-05d12767e515_d781f7bfd927ace8ca1a83efd8e233b9.bam
4104893,tumor_bam_wgs,/gpfs/commons/groups/imielinski_lab/data/EGA/MALY-DE_EGAD00001002123/EGAD00001002123/PART_4/EGAZ00001223000_9f900c23-e005-42ed-825f-36710a322b90_5905d0738d920826f458608f4f65c57a.bam
4177376,tumor_bam_wgs,/gpfs/commons/groups/imielinski_lab/data/EGA/MALY-DE_EGAD00001002123/EGAD00001002123/PART_2/EGAZ00001223061_e5ec812d-8f25-486e-a93a-7fbc3725328b_c4cdba3285f33d508f7f0897641e8ce2.bam
4135099,tumor_bam_wgs,/gpfs/commons/groups/imielinski_lab/data/EGA/MALY-DE_EGAD00001002123/EGAD00001002123/PART_1/EGAZ00001222977_7b5e804b-0873-4a1e-a58f-24abdb029e40_0250ef4409f89362b7f3ebe2f6042131.bam
4101316,tumor_bam_wgs,/gpfs/commons/groups/imielinski_lab/data/EGA/MALY-DE_EGAD00001002123/EGAD00001002123/PART_5/EGAZ00001223072_f1ff2c79-8de9-4514-b5f2-6861fc728d0e_320f5d787ed26d70a1b29ce009d05666.bam
4177434,tumor_bam_wgs,/gpfs/commons/groups/imielinski_lab/data/EGA/MALY-DE_EGAD00001002123/EGAD00001002123/PART_2/EGAZ00001223023_bd295ff0-bbe2-42c1-bc8a-481ed0b26321_f5e5f82c3ff8bf33baaae6d80473fb8f.bam
4177987,tumor_bam_wgs,/gpfs/commons/groups/imielinski_lab/data/EGA/MALY-DE_EGAD00001002123/EGAD00001002123/PART_1/EGAZ00001222995_9a718383-d559-41a1-b49d-609ffcb40702_57c7a4081af16bf55ff5bd82698fd075.bam
4133511,tumor_bam_wgs,/gpfs/commons/groups/imielinski_lab/data/EGA/MALY-DE_EGAD00001002123/EGAD00001002123/PART_4/EGAZ00001223008_a95f6846-1faf-4441-be53-f22b685c9e5b_4150e50bc98d1aa7d91a205c9db6c5f7.bam
4177856,tumor_bam_wgs,/gpfs/commons/groups/imielinski_lab/data/EGA/MALY-DE_EGAD00001002123/EGAD00001002123/PART_6/EGAZ00001224722_14678966-a513-4b56-892c-e5f75e7bd95d_2d265a4cc99c39e427fc0428b7aef7f3.bam
4142267,tumor_bam_wgs,/gpfs/commons/groups/imielinski_lab/data/EGA/MALY-DE_EGAD00001002123/EGAD00001002123/PART_2/EGAZ00001223049_dcae1652-1814-421a-aaa9-5287ca83b031_d10048049548b0a6b385962ec966155b.bam
4194891,tumor_bam_wgs,/gpfs/commons/groups/imielinski_lab/data/EGA/MALY-DE_EGAD00001002123/EGAD00001002123/PART_1/EGAZ00001222997_9ba16c48-56d5-45da-beef-f3f61b4b7e02_106b265314cf36fc4e5d6eebde1e2529.bam
4107137,tumor_bam_wgs,/gpfs/commons/groups/imielinski_lab/data/EGA/MALY-DE_EGAD00001002123/EGAD00001002123/PART_1/EGAZ00001222999_9ec750f8-d828-407a-a14f-9d7d69d38b6c_6cf5035940efed2215de21f6fe7b92d2.bam
4127766,tumor_bam_wgs,/gpfs/commons/groups/imielinski_lab/data/EGA/MALY-DE_EGAD00001002123/EGAD00001002123/PART_5/EGAZ00001223056_e3a47ba7-8590-40d2-bf36-e11397ee06bb_4caad590a05dbd898db2a1a105f3a041.bam
4102009,tumor_bam_wgs,/gpfs/commons/groups/imielinski_lab/data/EGA/MALY-DE_EGAD00001002123/EGAD00001002123/PART_1/EGAZ00001222953_571e7f42-7af1-4491-8ad6-3a8b0b38bd80_32a338a91e1c9a071e5501310611f542.bam
4160468,tumor_bam_wgs,/gpfs/commons/groups/imielinski_lab/data/EGA/MALY-DE_EGAD00001002123/EGAD00001002123/PART_6/EGAZ00001224720_135e6a1e-ed30-4d2e-b407-c13147a3aac6_02d859567ba2b1530032f7df37bfda5e.bam
4170686,tumor_bam_wgs,/gpfs/commons/groups/imielinski_lab/data/EGA/MALY-DE_EGAD00001002123/EGAD00001002123/PART_4/EGAZ00001222988_8b1487e2-71e4-4761-9a12-886ff8c9c98f_3bc20e4798027f1a1f90aa1526f66d95.bam
4172511,tumor_bam_wgs,/gpfs/commons/groups/imielinski_lab/data/EGA/MALY-DE_EGAD00001002123/EGAD00001002123/PART_1/EGAZ00001222939_4b52c559-b943-43e0-8873-7e7e2d6b5b2e_875d4962cbeaeb70e3cc724b3422a687.bam
4174905,tumor_bam_wgs,/gpfs/commons/groups/imielinski_lab/data/EGA/MALY-DE_EGAD00001002123/EGAD00001002123/PART_3/EGAZ00001222968_72a7019c-74b8-43f4-949b-4ad295c21506_9911486ad8e4857f94be9931979e41cf.bam
4177601,tumor_bam_wgs,/gpfs/commons/groups/imielinski_lab/data/EGA/MALY-DE_EGAD00001002123/EGAD00001002123/PART_6/EGAZ00001224730_1c779b25-37bd-4305-9030-868506061708_7b8ef1e55761b69700b6d643e0f6bc50.bam
4191799,tumor_bam_wgs,/gpfs/commons/groups/imielinski_lab/data/EGA/MALY-DE_EGAD00001002123/EGAD00001002123/PART_6/EGAZ00001224743_2f174120-2469-4cb4-a6a1-fba6f3d73c8d_a8062d2aa04dd13e5e75805e442895e1.bam
4139696,tumor_bam_wgs,/gpfs/commons/groups/imielinski_lab/data/EGA/MALY-DE_EGAD00001002123/EGAD00001002123/PART_1/EGAZ00001222959_6282ec76-5520-4fc6-be50-7163af4915cd_dc464f623c76b67714752419ba4f9007.bam
4120193,tumor_bam_wgs,/gpfs/commons/groups/imielinski_lab/data/EGA/MALY-DE_EGAD00001002123/EGAD00001002123/PART_3/EGAZ00001222964_6b3415f4-8ed7-403a-ad44-c88cce8249bd_60c526256dda63debb43408050e3bca6.bam
4166706,tumor_bam_wgs,/gpfs/commons/groups/imielinski_lab/data/EGA/MALY-DE_EGAD00001002123/EGAD00001002123/PART_5/EGAZ00001224731_1d104aab-034a-403b-8a11-41f75f5abf37_1de50f83e6eb10309a6ac59a7c9d5b56.bam
4176133,tumor_bam_wgs,/gpfs/commons/groups/imielinski_lab/data/EGA/MALY-DE_EGAD00001002123/EGAD00001002123/PART_1/EGAZ00001222945_4e37b612-3163-4c56-89c9-16191d4f98cf_3cd4806c03a5274a5a6f6427843064dc.bam
4184094,tumor_bam_wgs,/gpfs/commons/groups/imielinski_lab/data/EGA/MALY-DE_EGAD00001002123/EGAD00001002123/PART_4/EGAZ00001223030_c189d7fb-5152-4111-b26f-f828d775c288_7f4c0b50e0871e86b276522e0a72f96e.bam
4177810,tumor_bam_wgs,/gpfs/commons/groups/imielinski_lab/data/EGA/MALY-DE_EGAD00001002123/EGAD00001002123/PART_1/EGAZ00001222943_4d6c1f53-e955-4b5f-aaa4-21d38ffa8a3e_b1769e7bd7f962c3c4945afca73f1054.bam
4112447,tumor_bam_wgs,/gpfs/commons/groups/imielinski_lab/data/EGA/MALY-DE_EGAD00001002123/EGAD00001002123/PART_3/EGAZ00001222942_4d5223cb-0584-45b6-a8c1-208de63e267e_9e544c9e2c99249042b7a7d56c56142c.bam
4159421,tumor_bam_wgs,/gpfs/commons/groups/imielinski_lab/data/EGA/MALY-DE_EGAD00001002123/EGAD00001002123/PART_6/EGAZ00001224710_05d67638-626c-499a-a43a-77224f73bfb4_16a8b4acaa8390ed2a2673c3e7058e92.bam
4198542,tumor_bam_wgs,/gpfs/commons/groups/imielinski_lab/data/EGA/MALY-DE_EGAD00001002123/EGAD00001002123/PART_2/EGAZ00001223025_bd91a0b5-af06-4bcf-a87b-44db43f1f427_b75c781235ab02a5cea005f6d45fbea2.bam
4134434,tumor_bam_wgs,/gpfs/commons/groups/imielinski_lab/data/EGA/MALY-DE_EGAD00001002123/EGAD00001002123/PART_6/EGAZ00001224724_156e7a0b-7305-428e-b505-9549086468f8_784fcaba065e338a9d53fad6154e9d61.bam
4160100,tumor_bam_wgs,/gpfs/commons/groups/imielinski_lab/data/EGA/MALY-DE_EGAD00001002123/EGAD00001002123/PART_5/EGAZ00001223066_eaaa7b13-776d-418f-b442-ee35cae52760_6534b145d54f68dc8d9f587b0ad64883.bam
4136702,tumor_bam_wgs,/gpfs/commons/groups/imielinski_lab/data/EGA/MALY-DE_EGAD00001002123/EGAD00001002123/PART_6/EGAZ00001224734_224d879a-99dc-4481-bb19-b2c204d4f72b_9eac70f49bb3ee9138f28f84d5d30c01.bam
4110378,tumor_bam_wgs,/gpfs/commons/groups/imielinski_lab/data/EGA/MALY-DE_EGAD00001002123/EGAD00001002123/PART_3/EGAZ00001222976_7b44d6fd-663c-4221-a29b-f6eb16c54fcd_71b0401ff14cd19cdb18deca7403d3bf.bam
4115001,tumor_bam_wgs,/gpfs/commons/groups/imielinski_lab/data/EGA/MALY-DE_EGAD00001002123/EGAD00001002123/PART_5/EGAZ00001224725_163cc953-c457-4714-af51-aaffbc648b49_aed34a6b5e0a183c9d6b1327fa99445b.bam
4145177,tumor_bam_wgs,/gpfs/commons/groups/imielinski_lab/data/EGA/MALY-DE_EGAD00001002123/EGAD00001002123/PART_2/EGAZ00001223031_c2b61c38-9233-4de7-b9dc-6c8d02c299c0_20121ddae9fa68b93655b66919406fb5.bam
4149246,tumor_bam_wgs,/gpfs/commons/groups/imielinski_lab/data/EGA/MALY-DE_EGAD00001002123/EGAD00001002123/PART_7/EGAZ00001224756_feb4cc25-eb4b-4ac6-b81b-d4521eb218fa_a203fe1b93948eab99f52dfea0dfe7d8.bam
4157186,tumor_bam_wgs,/gpfs/commons/groups/imielinski_lab/data/EGA/MALY-DE_EGAD00001002123/EGAD00001002123/PART_4/EGAZ00001223040_cf0d19e1-8ed8-41dd-956a-f6431de79e69_e5109ca33e942753ce13ae39d4e164db.bam
4188879,tumor_bam_wgs,/gpfs/commons/groups/imielinski_lab/data/EGA/MALY-DE_EGAD00001002123/EGAD00001002123/PART_1/EGAZ00001222993_9731b9bd-4379-40e0-a9d8-f82c086b14a3_c7c949a73fa37d9a744959cbdcd6ba5c.bam
4119279,tumor_bam_wgs,/gpfs/commons/groups/imielinski_lab/data/EGA/MALY-DE_EGAD00001002123/EGAD00001002123/PART_5/EGAZ00001224715_0c58a256-33f0-4b3f-90a2-6b0f6128358e_ed803330021389a88ded0e0ea8936de1.bam
4120403,tumor_bam_wgs,/gpfs/commons/groups/imielinski_lab/data/EGA/MALY-DE_EGAD00001002123/EGAD00001002123/PART_6/EGAZ00001224732_1e7f5a9f-6722-47e4-acac-029c8eeaeda7_4c8cd51f1aba374c708c5634f5e5cb83.bam
4133263,tumor_bam_wgs,/gpfs/commons/groups/imielinski_lab/data/EGA/MALY-DE_EGAD00001002123/EGAD00001002123/PART_4/EGAZ00001223050_dd70aacf-7704-4d39-8587-657e1a5831d6_814ac9511ce645edd03049a797872072.bam
4166503,tumor_bam_wgs,/gpfs/commons/groups/imielinski_lab/data/EGA/MALY-DE_EGAD00001002123/EGAD00001002123/PART_1/EGAZ00001222961_6a0d4ad6-9a32-4168-b701-45550a90a41a_98e7af0dae858455e4e161956c41d954.bam
4142605,tumor_bam_wgs,/gpfs/commons/groups/imielinski_lab/data/EGA/MALY-DE_EGAD00001002123/EGAD00001002123/PART_5/EGAZ00001224741_2c710c30-0a9e-400a-b435-c3e06eaf0525_4cfd4d743416bd9bd144ff2435ea851c.bam
4178655,tumor_bam_wgs,/gpfs/commons/groups/imielinski_lab/data/EGA/MALY-DE_EGAD00001002123/EGAD00001002123/PART_1/EGAZ00001222983_815ec5a7-a219-4f0f-a4ff-93b2438fc4c0_1b3c9c1ef515da7bf6f5214b59d97336.bam
4189035,tumor_bam_wgs,/gpfs/commons/groups/imielinski_lab/data/EGA/MALY-DE_EGAD00001002123/EGAD00001002123/PART_4/EGAZ00001223006_a78b450c-5d77-41c1-87db-ee991dbcef75_edd715fdbcb0778b9895a816517bcaaf.bam
4150895,tumor_bam_wgs,/gpfs/commons/groups/imielinski_lab/data/EGA/MALY-DE_EGAD00001002123/EGAD00001002123/PART_4/EGAZ00001223012_ad4f6da5-dcdb-4770-96e8-b5db42aa6b4a_d7bba194e5989da0d06cf761c1aa0214.bam
4199996,tumor_bam_wgs,/gpfs/commons/groups/imielinski_lab/data/EGA/MALY-DE_EGAD00001002123/EGAD00001002123/PART_6/EGAZ00001224744_2ff06fde-9869-4a48-9eea-30c32519c7a5_5eabab64d7504bfe4f7ae25413e60b60.bam
4190784,tumor_bam_wgs,/gpfs/commons/groups/imielinski_lab/data/EGA/MALY-DE_EGAD00001002123/EGAD00001002123/PART_6/EGAZ00001224746_31c860ba-2fdb-42a5-bc00-5bc2e9b3f592_993817bf83faad4e4bad146e47a0899e.bam
4145056,tumor_bam_wgs,/gpfs/commons/groups/imielinski_lab/data/EGA/MALY-DE_EGAD00001002123/EGAD00001002123/PART_3/EGAZ00001222940_4cdffee6-3df0-494f-9a27-2c6252d7ad7c_317311d6e5a3c2e3f8e25b2075e88332.bam
4188398,tumor_bam_wgs,/gpfs/commons/groups/imielinski_lab/data/EGA/MALY-DE_EGAD00001002123/EGAD00001002123/PART_1/EGAZ00001222987_87780c5c-b130-427d-8b96-f067989622da_0f55aa4df2de88dd7297cc5a50ee370a.bam
4166151,tumor_bam_wgs,/gpfs/commons/groups/imielinski_lab/data/EGA/MALY-DE_EGAD00001002123/EGAD00001002123/PART_1/EGAZ00001222963_6b01caf3-747c-464d-a2d7-ef352f5cd6e5_ad0cc12ccd8edd8e837ed4851a434247.bam
4193638,tumor_bam_wgs,/gpfs/commons/groups/imielinski_lab/data/EGA/MALY-DE_EGAD00001002123/EGAD00001002123/PART_2/EGAZ00001223039_cc8aeb15-437d-42ef-87b5-5ae98aa1540a_59f0b912cb371e217ad1dc357f324ccb.bam
4196670,tumor_bam_wgs,/gpfs/commons/groups/imielinski_lab/data/EGA/MALY-DE_EGAD00001002123/EGAD00001002123/PART_5/EGAZ00001224719_122cb554-2f1e-40a4-a48a-8634a62d7ada_6d8be7f24739ef2abc0adb53e4445400.bam
4199714,tumor_bam_wgs,/gpfs/commons/groups/imielinski_lab/data/EGA/MALY-DE_EGAD00001002123/EGAD00001002123/PART_4/EGAZ00001223024_bd64991d-cd6f-4dd1-9f8c-e46792fc6628_faae4e45e2c82c7fa7be90ee0f04b95b.bam
4181460,tumor_bam_wgs,/gpfs/commons/groups/imielinski_lab/data/EGA/MALY-DE_EGAD00001002123/EGAD00001002123/PART_2/EGAZ00001223057_e3bea996-f085-4567-a14d-4d2084ba0e15_bf44f8d17089b90dcdd621306c5128bb.bam
4138885,tumor_bam_wgs,/gpfs/commons/groups/imielinski_lab/data/EGA/MALY-DE_EGAD00001002123/EGAD00001002123/PART_6/EGAZ00001224736_22fbe02e-fc2f-4b8e-85d4-e04ca1b5331d_b1c65c887254f24ebb10899787e41ab9.bam
4147081,tumor_bam_wgs,/gpfs/commons/groups/imielinski_lab/data/EGA/MALY-DE_EGAD00001002123/EGAD00001002123/PART_1/EGAZ00001222969_73ec000a-3b59-4485-8624-5bdf76bc681e_4bccb49512c88773b2d6a04587110d5d.bam
4161781,tumor_bam_wgs,/gpfs/commons/groups/imielinski_lab/data/EGA/MALY-DE_EGAD00001002123/EGAD00001002123/PART_5/EGAZ00001224717_102981e2-7e94-4d08-b2da-0868ce2b9bc9_122bd15d4b1c2cced3ac37d9de801b49.bam
4165379,tumor_bam_wgs,/gpfs/commons/groups/imielinski_lab/data/EGA/MALY-DE_EGAD00001002123/EGAD00001002123/PART_3/EGAZ00001222952_55ef0c15-128b-440c-86cb-480978841ae8_18e5e9da8a85fa45aa4acca28e9e4e3f.bam
4128477,tumor_bam_wgs,/gpfs/commons/groups/imielinski_lab/data/EGA/MALY-DE_EGAD00001002123/EGAD00001002123/PART_3/EGAZ00001222932_41c0d74f-b4be-44d7-bcaf-b55517afd20d_5d5950e0c7db4b86ceed08c9ed231488.bam
4131095,tumor_bam_wgs,/gpfs/commons/groups/imielinski_lab/data/EGA/MALY-DE_EGAD00001002123/EGAD00001002123/PART_5/EGAZ00001224727_18753e5b-be53-4ad4-8859-6d1e574e6ec6_c8a7f582724170ed758a80845e3833fc.bam
4144633,tumor_bam_wgs,/gpfs/commons/groups/imielinski_lab/data/EGA/MALY-DE_EGAD00001002123/EGAD00001002123/PART_2/EGAZ00001223005_a59a5626-e9ef-4a61-bfa2-517353f77dd7_e35d5a6114a237537687b5b2fb1418a9.bam
4120157,tumor_bam_wgs,/gpfs/commons/groups/imielinski_lab/data/EGA/MALY-DE_EGAD00001002123/EGAD00001002123/PART_1/EGAZ00001222985_8422f913-b8a1-4d21-8f4d-e513df78f21b_f9f0f66d03f8461fd7031db6c9fdf956.bam
4144951,tumor_bam_wgs,/gpfs/commons/groups/imielinski_lab/data/EGA/MALY-DE_EGAD00001002123/EGAD00001002123/PART_3/EGAZ00001222954_58312545-4893-4cc3-b191-d9224372394d_726c5346ccd8b30c02fc38d48c89f86b.bam
4145528,tumor_bam_wgs,/gpfs/commons/groups/imielinski_lab/data/EGA/MALY-DE_EGAD00001002123/EGAD00001002123/PART_5/EGAZ00001223078_fd7d9ed5-f8ea-4f8a-8ec0-1f7a88327908_697e4c9f4f5f38ce5396480a56b9dc6f.bam
4147968,tumor_bam_wgs,/gpfs/commons/groups/imielinski_lab/data/EGA/MALY-DE_EGAD00001002123/EGAD00001002123/PART_2/EGAZ00001223055_e1e4abc2-50fd-4a1e-b00a-7b53a9a15fca_91a8d4ee70621554b27c419c64d92690.bam
4103141,tumor_bam_wgs,/gpfs/commons/groups/imielinski_lab/data/EGA/MALY-DE_EGAD00001002123/EGAD00001002123/PART_5/EGAZ00001223076_fc22a879-ccac-41d9-85f5-0c36206c96e8_0c8dcc5b1adc287a2c0d8f24b4dfb260.bam
4108992,tumor_bam_wgs,/gpfs/commons/groups/imielinski_lab/data/EGA/MALY-DE_EGAD00001002123/EGAD00001002123/PART_5/EGAZ00001224721_139a7705-84af-4799-823f-b6d044fb72e7_bf01ecda1b068759e973dad0ebdea41a.bam
4111326,tumor_bam_wgs,/gpfs/commons/groups/imielinski_lab/data/EGA/MALY-DE_EGAD00001002123/EGAD00001002123/PART_1/EGAZ00001222975_7b44be75-36c9-45a3-a09a-2d8babe6b6f1_eac18bf79e9ba00e13cf1b2f17db12db.bam
4178345,tumor_bam_wgs,/gpfs/commons/groups/imielinski_lab/data/EGA/MALY-DE_EGAD00001002123/EGAD00001002123/PART_2/EGAZ00001223003_a2ec738a-6354-4bb1-be08-f6ffd4916748_3d8c6817b2ac919b724d1b88fe2db766.bam
4111337,tumor_bam_wgs,/gpfs/commons/groups/imielinski_lab/data/EGA/MALY-DE_EGAD00001002123/EGAD00001002123/PART_4/EGAZ00001222986_84e2a2d9-8491-4363-9fe0-935043bd6c76_e22b415d67370a2a3a6359314695aa15.bam
4113191,tumor_bam_wgs,/gpfs/commons/groups/imielinski_lab/data/EGA/MALY-DE_EGAD00001002123/EGAD00001002123/PART_2/EGAZ00001223037_cb54df5a-3c59-4c7c-897f-9b21d132bf81_e79235f88fd01f1bec356b46f6a33277.bam
4124542,tumor_bam_wgs,/gpfs/commons/groups/imielinski_lab/data/EGA/MALY-DE_EGAD00001002123/EGAD00001002123/PART_4/EGAZ00001223028_c0b78f66-8143-4ac2-a3bc-02c8bf488dfc_7441bd43a9bc6845058d87fe38ea5e16.bam
4113825,tumor_bam_wgs,/gpfs/commons/groups/imielinski_lab/data/EGA/MALY-DE_EGAD00001002123/EGAD00001002123/PART_2/EGAZ00001223065_e94dfb80-30d9-4898-87bb-dd8439e88b0c_64ff15d627f153b3349f550a1120e147.bam
4178310,tumor_bam_wgs,/gpfs/commons/groups/imielinski_lab/data/EGA/MALY-DE_EGAD00001002123/EGAD00001002123/PART_6/EGAZ00001224702_0010d26b-eb70-4f3f-b606-3db79ea97500_c9eac57c275d00cb6b3b19bb6a6c33c2.bam
